"Date","Week day","ON","1W","1M","2M","3M","6M","12M"
"31.12.2018","Mon","2.37825","2.41138","2.50269","2.61375","2.80763","2.87563","3.00544"
"28.12.2018","Fri","2.39238","2.41588","2.51988","2.61950","2.79700","2.87313","3.01313"
"27.12.2018","Thu","2.39100","2.41963","2.52238","2.61900","2.80300","2.88300","3.03238"
"24.12.2018","Mon","2.38988","2.41863","2.50563","2.61175","2.81344","2.89375","3.04788"
"21.12.2018","Fri","2.39163","2.41600","2.50625","2.61188","2.82163","2.90788","3.07313"
"20.12.2018","Thu","2.38788","2.40838","2.50375","2.61738","2.82375","2.90000","3.06544"
"19.12.2018","Wed","2.18175","2.36813","2.47938","2.58956","2.78963","2.87088","3.05275"
"18.12.2018","Tue","2.18025","2.36900","2.47013","2.58725","2.79200","2.87638","3.06131"
"17.12.2018","Mon","2.18125","2.29900","2.46963","2.59063","2.80363","2.90463","3.10388"
"14.12.2018","Fri","2.18475","2.28075","2.45500","2.58800","2.80069","2.90056","3.09769"
"13.12.2018","Thu","2.18438","2.27638","2.45513","2.58863","2.78819","2.90088","3.11238"
"12.12.2018","Wed","2.18475","2.21988","2.44013","2.58494","2.77750","2.89225","3.10125"
"11.12.2018","Tue","2.18213","2.20650","2.43238","2.57981","2.77900","2.88063","3.08950"
"10.12.2018","Mon","2.18200","2.21025","2.42050","2.56763","2.77594","2.87788","3.08400"
"07.12.2018","Fri","2.18088","2.21425","2.40019","2.54525","2.77106","2.88581","3.10056"
"06.12.2018","Thu","2.18238","2.23344","2.38694","2.54044","2.76713","2.88906","3.11194"
"05.12.2018","Wed","2.17188","2.22606","2.38325","2.54275","2.76575","2.89113","3.12575"
"04.12.2018","Tue","2.17613","2.22600","2.37950","2.53625","2.73888","2.89638","3.13294"
"03.12.2018","Mon","2.18188","2.21619","2.37888","2.53656","2.75125","2.89525","3.13819"
"30.11.2018","Fri","2.17750","2.22131","2.34694","2.51006","2.73613","2.89463","3.12025"
"29.11.2018","Thu","2.18275","2.22881","2.34925","2.51125","2.73813","2.88519","3.11869"
"28.11.2018","Wed","2.18250","2.22450","2.34463","2.49500","2.70663","2.88663","3.13413"
"27.11.2018","Tue","2.17850","2.23494","2.34931","2.49900","2.70600","2.88444","3.13075"
"26.11.2018","Mon","2.18300","2.21900","2.33675","2.49525","2.70681","2.89275","3.12838"
"23.11.2018","Fri","2.17700","2.22188","2.32188","2.49538","2.69119","2.88625","3.12075"
"22.11.2018","Thu","","2.22213","2.31488","2.48013","2.68925","2.88725","3.10950"
"21.11.2018","Wed","2.18050","2.22100","2.31513","2.47313","2.67694","2.88588","3.11038"
"20.11.2018","Tue","2.17288","2.21638","2.30550","2.45850","2.65313","2.86325","3.09713"
"19.11.2018","Mon","2.18075","2.21725","2.30025","2.45769","2.64581","2.86575","3.10738"
"16.11.2018","Fri","2.17538","2.21225","2.30088","2.45213","2.64450","2.86263","3.12363"
"15.11.2018","Thu","2.17938","2.21125","2.30250","2.44913","2.64000","2.86019","3.11838"
"14.11.2018","Wed","2.17575","2.20963","2.31038","2.44531","2.62900","2.86344","3.12963"
"13.11.2018","Tue","2.17788","2.21613","2.30650","2.44413","2.61613","2.85500","3.13206"
"12.11.2018","Mon","","2.21550","2.30663","2.44525","2.61413","2.85538","3.13475"
"09.11.2018","Fri","2.17500","2.21913","2.31438","2.45513","2.61813","2.85800","3.14413"
"08.11.2018","Thu","2.17988","2.21619","2.31844","2.45863","2.61463","2.85763","3.14075"
"07.11.2018","Wed","2.17725","2.21588","2.31531","2.44550","2.60113","2.84350","3.12513"
"06.11.2018","Tue","2.17663","2.21138","2.31688","2.42863","2.59125","2.84150","3.11638"
"05.11.2018","Mon","2.17525","2.21425","2.31600","2.42950","2.58925","2.83575","3.11688"
"02.11.2018","Fri","2.17463","2.21400","2.31788","2.42625","2.59238","2.82888","3.10488"
"01.11.2018","Thu","2.17538","2.21788","2.31356","2.41800","2.58150","2.81650","3.09613"
"31.10.2018","Wed","2.17300","2.21238","2.30688","2.39638","2.55850","2.80013","3.08375"
"30.10.2018","Tue","2.18000","2.22925","2.29938","2.39338","2.54100","2.79625","3.07088"
"29.10.2018","Mon","2.17888","2.22625","2.30200","2.39106","2.52663","2.78175","3.06375"
"26.10.2018","Fri","2.17675","2.21838","2.29669","2.38531","2.52038","2.77675","3.05675"
"25.10.2018","Thu","2.17425","2.21950","2.29494","2.37975","2.50925","2.77413","3.05175"
"24.10.2018","Wed","2.17513","2.21031","2.29406","2.36463","2.50800","2.75975","3.03938"
"23.10.2018","Tue","2.17388","2.21688","2.28138","2.35613","2.48988","2.74756","3.03438"
"22.10.2018","Mon","2.17063","2.21206","2.28650","2.36113","2.48738","2.72931","3.03100"
"19.10.2018","Fri","2.17113","2.21400","2.28188","2.35538","2.47719","2.72350","3.02038"
"18.10.2018","Thu","2.17025","2.21319","2.27963","2.34838","2.46900","2.69413","3.00056"
"17.10.2018","Wed","2.17600","2.20913","2.28200","2.33350","2.44963","2.66138","2.96575"
"16.10.2018","Tue","2.17638","2.21531","2.28713","2.33575","2.44456","2.65750","2.96713"
"15.10.2018","Mon","2.17725","2.21931","2.28950","2.34400","2.44881","2.65375","2.96681"
"12.10.2018","Fri","2.16938","2.20350","2.27975","2.33413","2.43644","2.65213","2.96338"
"11.10.2018","Thu","2.17225","2.20888","2.27950","2.33075","2.43631","2.63525","2.95425"
"10.10.2018","Wed","2.17200","2.20250","2.28319","2.32250","2.42519","2.63625","2.96913"
"09.10.2018","Tue","2.16550","2.21500","2.28713","2.31400","2.42044","2.62900","2.96200"
"08.10.2018","Mon","","2.20700","2.28406","2.32175","2.41425","2.62600","2.95788"
"05.10.2018","Fri","2.17175","2.20788","2.27669","2.31875","2.40806","2.62288","2.95831"
"04.10.2018","Thu","2.16525","2.20400","2.28063","2.32388","2.40963","2.62350","2.95688"
"03.10.2018","Wed","2.16813","2.20650","2.27925","2.31925","2.40825","2.60888","2.92725"
"02.10.2018","Tue","2.17725","2.21363","2.27394","2.31988","2.40750","2.60700","2.92475"
"01.10.2018","Mon","2.17075","2.20913","2.26513","2.30975","2.39813","2.60625","2.92550"
"28.09.2018","Fri","2.17138","2.19863","2.26056","2.31075","2.39838","2.60388","2.91863"
"27.09.2018","Thu","2.17388","2.19588","2.25600","2.30375","2.39600","2.60050","2.91738"
"26.09.2018","Wed","1.92525","2.16263","2.24219","2.29425","2.38613","2.59350","2.91450"
"25.09.2018","Tue","1.91625","2.16738","2.23006","2.28300","2.38100","2.59538","2.91188"
"24.09.2018","Mon","1.91800","2.12600","2.21819","2.27250","2.37363","2.59363","2.90888"
"21.09.2018","Fri","1.92088","2.08500","2.21581","2.26788","2.37263","2.59200","2.90825"
"20.09.2018","Thu","1.91738","2.04063","2.21219","2.26350","2.36638","2.58488","2.89663"
"19.09.2018","Wed","1.91863","1.97531","2.18244","2.24750","2.35338","2.57175","2.88713"
"18.09.2018","Tue","1.91888","1.97169","2.16525","2.23750","2.33750","2.56788","2.87950"
"17.09.2018","Mon","1.91463","1.96713","2.16813","2.23363","2.33875","2.57075","2.87944"
"14.09.2018","Fri","1.91513","1.96606","2.16469","2.23175","2.33713","2.56875","2.88019"
"13.09.2018","Thu","1.91988","1.96531","2.15844","2.23100","2.33413","2.56713","2.87344"
"12.09.2018","Wed","1.91900","1.95306","2.13444","2.21475","2.33150","2.56063","2.86456"
"11.09.2018","Tue","1.91513","1.96188","2.14794","2.22113","2.33425","2.55775","2.86850"
"10.09.2018","Mon","1.91913","1.96144","2.13894","2.21725","2.33425","2.55225","2.86263"
"07.09.2018","Fri","1.91875","1.95938","2.13100","2.21088","2.33125","2.54150","2.84550"
"06.09.2018","Thu","1.91838","1.96100","2.13256","2.20950","2.32706","2.54419","2.84906"
"05.09.2018","Wed","1.91875","1.95319","2.12050","2.20688","2.31681","2.54056","2.84394"
"04.09.2018","Tue","1.91363","1.96238","2.12031","2.21188","2.32275","2.53900","2.84288"
"03.09.2018","Mon","","1.95863","2.10950","2.20638","2.31563","2.53500","2.83888"
"31.08.2018","Fri","1.91488","1.96200","2.11375","2.20613","2.32075","2.53563","2.84000"
"30.08.2018","Thu","1.92000","1.95969","2.10375","2.20850","2.32125","2.53388","2.84238"
"29.08.2018","Wed","1.91538","1.95725","2.07588","2.19500","2.31263","2.52750","2.83300"
"28.08.2018","Tue","1.91488","1.95675","2.07488","2.19963","2.31475","2.52825","2.82813"
"24.08.2018","Fri","1.91888","1.95900","2.07275","2.19600","2.31725","2.52300","2.82000"
"23.08.2018","Thu","1.91813","1.95513","2.06475","2.19700","2.31138","2.51613","2.81200"
"22.08.2018","Wed","1.91775","1.94900","2.06600","2.18950","2.31175","2.51250","2.80800"
"21.08.2018","Tue","1.91963","1.95325","2.06588","2.19138","2.31025","2.51288","2.80775"
"20.08.2018","Mon","1.91750","1.95719","2.06700","2.19125","2.30963","2.50863","2.81300"
"17.08.2018","Fri","1.91688","1.96269","2.06938","2.18588","2.31188","2.51075","2.81300"
"16.08.2018","Thu","1.92000","1.96006","2.07738","2.19613","2.32225","2.51350","2.81663"
"15.08.2018","Wed","1.91375","1.95200","2.06000","2.18275","2.31175","2.51063","2.81488"
"14.08.2018","Tue","1.91325","1.95163","2.06350","2.18263","2.31519","2.51238","2.81350"
"13.08.2018","Mon","1.91250","1.95288","2.06269","2.17838","2.31375","2.50763","2.80300"
"10.08.2018","Fri","1.91250","1.95188","2.06675","2.18638","2.31925","2.51213","2.81550"
"09.08.2018","Thu","1.91625","1.95425","2.06731","2.19238","2.33800","2.51713","2.82750"
"08.08.2018","Wed","1.91625","1.95138","2.06344","2.18550","2.34050","2.51700","2.82775"
"07.08.2018","Tue","1.91338","1.95000","2.07113","2.18381","2.34144","2.52238","2.82431"
"06.08.2018","Mon","1.92000","1.95050","2.08256","2.17844","2.34325","2.52163","2.82688"
"03.08.2018","Fri","1.91500","1.95025","2.07931","2.18238","2.34300","2.52475","2.82738"
"02.08.2018","Thu","1.92025","1.94900","2.08019","2.18206","2.34050","2.53050","2.82775"
"01.08.2018","Wed","1.91563","1.94525","2.08213","2.18075","2.34825","2.53363","2.83213"
"31.07.2018","Tue","1.91538","1.95363","2.08138","2.17906","2.34856","2.53050","2.82781"
"30.07.2018","Mon","1.91600","1.95538","2.08150","2.17363","2.34313","2.53050","2.82125"
"27.07.2018","Fri","1.91163","1.95325","2.07675","2.16875","2.34238","2.52988","2.82138"
"26.07.2018","Thu","1.91725","1.95275","2.07163","2.17138","2.33888","2.52863","2.81663"
"25.07.2018","Wed","1.91488","1.94338","2.07688","2.17400","2.33688","2.52250","2.80775"
"24.07.2018","Tue","1.91413","1.95000","2.07013","2.17238","2.33488","2.52250","2.80800"
"23.07.2018","Mon","1.91838","1.94938","2.06363","2.16463","2.33531","2.52088","2.79919"
"20.07.2018","Fri","1.91350","1.95263","2.06900","2.17938","2.34156","2.52425","2.80163"
"19.07.2018","Thu","1.91225","1.95413","2.08100","2.17963","2.34706","2.52725","2.80744"
"18.07.2018","Wed","1.91325","1.95213","2.08625","2.17900","2.34750","2.52663","2.80088"
"17.07.2018","Tue","1.91825","1.94913","2.08175","2.17313","2.34194","2.52313","2.79575"
"16.07.2018","Mon","1.91263","1.95650","2.07850","2.17350","2.33263","2.51850","2.78775"
"13.07.2018","Fri","1.91763","1.96463","2.07325","2.17338","2.33600","2.52088","2.78688"
"12.07.2018","Thu","1.91763","1.96388","2.07163","2.17313","2.33919","2.51963","2.78531"
"11.07.2018","Wed","1.91825","1.95675","2.07425","2.17288","2.33700","2.51238","2.77844"
"10.07.2018","Tue","1.91925","1.96163","2.06650","2.16713","2.33744","2.51188","2.78094"
"09.07.2018","Mon","1.92588","1.96000","2.07750","2.17175","2.33313","2.50875","2.77594"
"06.07.2018","Fri","1.92563","1.96875","2.08625","2.16938","2.33144","2.50813","2.77375"
"05.07.2018","Thu","1.92813","1.97269","2.09713","2.17756","2.33863","2.52025","2.78400"
"04.07.2018","Wed","","1.97263","2.08725","2.17150","2.33731","2.50594","2.77344"
"03.07.2018","Tue","1.92813","1.97306","2.08588","2.17475","2.33725","2.50688","2.77313"
"02.07.2018","Mon","1.92975","1.97688","2.09994","2.17319","2.34250","2.50969","2.77156"
"29.06.2018","Fri","1.93538","1.97906","2.09025","2.16913","2.33575","2.50125","2.76406"
"28.06.2018","Thu","1.93325","1.97969","2.09213","2.17288","2.33738","2.50125","2.76313"
"27.06.2018","Wed","1.93375","1.98106","2.09350","2.17113","2.33438","2.50063","2.76281"
"26.06.2018","Tue","1.93500","1.98688","2.10188","2.16888","2.33563","2.50250","2.77094"
"25.06.2018","Mon","1.93163","1.98750","2.10288","2.16963","2.33700","2.50250","2.76594"
"22.06.2018","Fri","1.92800","1.98538","2.09775","2.17881","2.33888","2.50750","2.77688"
"21.06.2018","Thu","1.92788","1.98244","2.09113","2.17231","2.33506","2.50438","2.77031"
"20.06.2018","Wed","1.93038","1.97256","2.08363","2.16525","2.33188","2.50088","2.77250"
"19.06.2018","Tue","1.92888","1.97438","2.08788","2.15425","2.33025","2.49500","2.76250"
"18.06.2018","Mon","1.92550","1.97188","2.08375","2.15050","2.32469","2.49688","2.77188"
"15.06.2018","Fri","1.92563","1.97188","2.08494","2.15175","2.32594","2.50375","2.77219"
"14.06.2018","Thu","1.93563","1.96600","2.08506","2.15175","2.33469","2.50288","2.77188"
"13.06.2018","Wed","1.71263","1.95500","2.07325","2.14925","2.34063","2.50013","2.76688"
"12.06.2018","Tue","1.71325","1.94094","2.05725","2.14675","2.33563","2.49875","2.76469"
"11.06.2018","Mon","1.71463","1.90688","2.04738","2.13700","2.33263","2.49313","2.75794"
"08.06.2018","Fri","1.71500","1.85999","2.04617","2.13489","2.32631","2.48875","2.74025"
"07.06.2018","Thu","1.71438","1.82625","2.04638","2.13525","2.32713","2.49188","2.75375"
"06.06.2018","Wed","1.71350","1.77261","2.02961","2.12366","2.32088","2.48375","2.74088"
"05.06.2018","Tue","1.71200","1.75188","2.02454","2.12279","2.31919","2.47963","2.73888"
"04.06.2018","Mon","1.71200","1.75188","2.01297","2.11838","2.31381","2.48400","2.74011"
"01.06.2018","Fri","1.71200","1.75406","2.00468","2.11126","2.31781","2.47438","2.72413"
"31.05.2018","Thu","1.71163","1.75156","2.00070","2.10686","2.32125","2.47375","2.71813"
"30.05.2018","Wed","1.71163","1.75000","1.98246","2.09677","2.30031","2.46688","2.70000"
"29.05.2018","Tue","1.70850","1.75438","1.98031","2.09718","2.30719","2.47000","2.70750"
"25.05.2018","Fri","1.70725","1.75469","1.97563","2.09942","2.31813","2.48188","2.73137"
"24.05.2018","Thu","1.70850","1.75000","1.96827","2.09890","2.31938","2.48500","2.73742"
"23.05.2018","Wed","1.70788","1.75031","1.95969","2.10105","2.33000","2.49750","2.75409"
"22.05.2018","Tue","1.70850","1.75159","1.96538","2.10750","2.33000","2.49938","2.76402"
"21.05.2018","Mon","1.70600","1.75125","1.96125","2.10675","2.33000","2.49875","2.76523"
"18.05.2018","Fri","1.70725","1.75125","1.95275","2.10375","2.32938","2.49875","2.76482"
"17.05.2018","Thu","1.70600","1.75128","1.94775","2.10338","2.33125","2.49938","2.76648"
"16.05.2018","Wed","1.70538","1.75063","1.93500","2.09369","2.32563","2.49438","2.76148"
"15.05.2018","Tue","1.70500","1.75438","1.93875","2.09167","2.32063","2.49250","2.75386"
"14.05.2018","Mon","1.70500","1.75500","1.93375","2.08569","2.33000","2.50063","2.75748"
"11.05.2018","Fri","1.70625","1.75094","1.91871","2.08652","2.34250","2.51500","2.76579"
"10.05.2018","Thu","1.70500","1.75500","1.91839","2.09171","2.35500","2.51688","2.76813"
"09.05.2018","Wed","1.70500","1.75375","1.92851","2.08636","2.35575","2.51813","2.77094"
"08.05.2018","Tue","1.70500","1.75500","1.92851","2.08186","2.35250","2.52375","2.77094"
"04.05.2018","Fri","1.70563","1.75500","1.92770","2.08257","2.36906","2.52019","2.77666"
"03.05.2018","Thu","1.70438","1.75375","1.92270","2.08476","2.36313","2.51488","2.77273"
"02.05.2018","Wed","1.70438","1.75128","1.91713","2.08258","2.36294","2.51269","2.77685"
"01.05.2018","Tue","1.70438","1.75048","1.90875","2.07959","2.35375","2.51425","2.76598"
"30.04.2018","Mon","1.70369","1.75000","1.90932","2.06560","2.36294","2.51175","2.77004"
"27.04.2018","Fri","1.70438","1.75188","1.90701","2.06111","2.35805","2.51956","2.78031"
"26.04.2018","Thu","1.70313","1.74938","1.90076","2.05582","2.35878","2.52175","2.76993"
"25.04.2018","Wed","1.70313","1.74750","1.89988","2.06313","2.36561","2.51925","2.77188"
"24.04.2018","Tue","1.70313","1.74250","1.89826","2.06063","2.36167","2.51625","2.76875"
"23.04.2018","Mon","1.70313","1.74375","1.89711","2.05938","2.35954","2.51563","2.76875"
"20.04.2018","Fri","1.70313","1.74250","1.89695","2.05813","2.35923","2.51125","2.76031"
"19.04.2018","Thu","1.70313","1.74250","1.89826","2.05625","2.36156","2.50938","2.75844"
"18.04.2018","Wed","1.70500","1.74250","1.89707","2.04625","2.35866","2.50313","2.74750"
"17.04.2018","Tue","1.70375","1.74188","1.89563","2.04188","2.35539","2.50125","2.74606"
"16.04.2018","Mon","1.70125","1.74250","1.89426","2.04063","2.35509","2.50313","2.74406"
"13.04.2018","Fri","1.70188","1.73875","1.89550","2.03750","2.35281","2.49000","2.73094"
"12.04.2018","Thu","1.70313","1.74000","1.89688","2.03550","2.34769","2.48188","2.71719"
"11.04.2018","Wed","1.70188","1.73938","1.89563","2.02788","2.34163","2.47250","2.70950"
"10.04.2018","Tue","1.70188","1.73938","1.89438","2.02538","2.33903","2.46750","2.70419"
"09.04.2018","Mon","1.70188","1.73938","1.89713","2.02350","2.33730","2.47063","2.70356"
"06.04.2018","Fri","1.70313","1.74375","1.89713","2.02225","2.33746","2.47219","2.70825"
"05.04.2018","Thu","1.70313","1.74375","1.89519","2.02188","2.33063","2.46625","2.70031"
"04.04.2018","Wed","1.70188","1.74375","1.89063","2.01663","2.32461","2.46000","2.68094"
"03.04.2018","Tue","1.69938","1.74063","1.87750","1.99788","2.32084","2.45988","2.67000"
"29.03.2018","Thu","1.69688","1.74500","1.88313","1.99944","2.31175","2.45240","2.66263"
"28.03.2018","Wed","1.69875","1.73875","1.88688","2.00344","2.30800","2.44403","2.65950"
"27.03.2018","Tue","1.69750","1.73125","1.87688","1.99438","2.30200","2.45299","2.67138"
"26.03.2018","Mon","1.69750","1.73625","1.87688","1.99688","2.29496","2.45380","2.67200"
"23.03.2018","Fri","1.69750","1.73688","1.87500","1.99338","2.29155","2.44971","2.66638"
"22.03.2018","Thu","1.69750","1.74163","1.87150","1.99150","2.28557","2.44730","2.67700"
"21.03.2018","Wed","1.44875","1.73125","1.86125","1.97525","2.27108","2.43422","2.67638"
"20.03.2018","Tue","1.44750","1.71088","1.85382","1.96100","2.24814","2.40988","2.65138"
"19.03.2018","Mon","1.44750","1.67734","1.84067","1.94675","2.22249","2.39050","2.63325"
"16.03.2018","Fri","1.44625","1.63000","1.82207","1.93450","2.20175","2.36363","2.61450"
"15.03.2018","Thu","1.44500","1.58906","1.80820","1.91613","2.17750","2.34175","2.60138"
"14.03.2018","Wed","1.44500","1.51563","1.78638","1.90075","2.14500","2.32113","2.59013"
"13.03.2018","Tue","1.44500","1.48875","1.77660","1.89038","2.12450","2.30425","2.57763"
"12.03.2018","Mon","1.44500","1.48344","1.76495","1.88038","2.10688","2.28675","2.56263"
"09.03.2018","Fri","1.44688","1.48250","1.75032","1.87145","2.08875","2.26863","2.54450"
"08.03.2018","Thu","1.44688","1.48000","1.73957","1.86058","2.07140","2.25925","2.53263"
"07.03.2018","Wed","1.44688","1.48219","1.71794","1.84861","2.05725","2.24550","2.51856"
"06.03.2018","Tue","1.44688","1.47875","1.71131","1.84193","2.04728","2.24051","2.51200"
"05.03.2018","Mon","1.44750","1.47813","1.70170","1.83064","2.03490","2.22929","2.49794"
"02.03.2018","Fri","1.44750","1.47781","1.69050","1.82686","2.02519","2.22843","2.49669"
"01.03.2018","Thu","1.44625","1.47750","1.68620","1.82349","2.02457","2.22488","2.50750"
"28.02.2018","Wed","1.44250","1.47875","1.67007","1.81399","2.01719","2.22375","2.50219"
"27.02.2018","Tue","1.44750","1.47500","1.66418","1.80214","2.00625","2.21125","2.48125"
"26.02.2018","Mon","1.44750","1.47375","1.64800","1.78893","1.98419","2.20113","2.46938"
"23.02.2018","Fri","1.44813","1.47250","1.63120","1.77781","1.95625","2.18188","2.45969"
"22.02.2018","Thu","1.44438","1.47125","1.62070","1.76399","1.94363","2.16800","2.44969"
"21.02.2018","Wed","1.44500","1.47125","1.60251","1.74914","1.91975","2.14550","2.42563"
"20.02.2018","Tue","1.44500","1.47250","1.59563","1.74219","1.90394","2.12863","2.40844"
"19.02.2018","Mon","","1.47313","1.59563","1.73311","1.89213","2.11863","2.39813"
"16.02.2018","Fri","1.44500","1.47125","1.59375","1.73006","1.88494","2.10613","2.39063"
"15.02.2018","Thu","1.44375","1.47063","1.59000","1.72266","1.87250","2.09644","2.38125"
"14.02.2018","Wed","1.44375","1.47188","1.58813","1.70593","1.85000","2.06283","2.33844"
"13.02.2018","Tue","1.44375","1.47063","1.58750","1.69949","1.83875","2.05715","2.32688"
"12.02.2018","Mon","1.44250","1.46938","1.58750","1.69879","1.83338","2.04863","2.31906"
"09.02.2018","Fri","1.44000","1.46938","1.58320","1.68886","1.82000","2.03831","2.31349"
"08.02.2018","Thu","1.43875","1.46861","1.58077","1.68324","1.81050","2.02633","2.29809"
"07.02.2018","Wed","1.43875","1.46875","1.57932","1.67244","1.79989","2.00438","2.28588"
"06.02.2018","Tue","1.43875","1.46875","1.57926","1.67149","1.79070","1.99188","2.27825"
"05.02.2018","Mon","1.43938","1.46871","1.58007","1.67333","1.79345","2.00080","2.29309"
"02.02.2018","Fri","1.44375","1.46869","1.57957","1.66899","1.78902","1.99214","2.29051"
"01.02.2018","Thu","1.44375","1.46963","1.57946","1.66724","1.78698","1.98300","2.29278"
"31.01.2018","Wed","1.43938","1.47011","1.57970","1.65894","1.77777","1.96625","2.26671"
"30.01.2018","Tue","1.43938","1.46875","1.57470","1.65761","1.77340","1.96625","2.26313"
"29.01.2018","Mon","1.43938","1.46750","1.57345","1.65363","1.77225","1.96719","2.26406"
"26.01.2018","Fri","1.43813","1.46750","1.56777","1.65140","1.76690","1.95965","2.24594"
"25.01.2018","Thu","1.43813","1.46813","1.56693","1.65006","1.76031","1.94969","2.24063"
"24.01.2018","Wed","1.43750","1.46500","1.56137","1.63954","1.75246","1.93738","2.23063"
"23.01.2018","Tue","1.43750","1.46563","1.56135","1.63934","1.74520","1.92844","2.22469"
"22.01.2018","Mon","1.43750","1.46586","1.56014","1.63934","1.74130","1.92550","2.22781"
"19.01.2018","Fri","1.43750","1.46596","1.56128","1.63475","1.74447","1.93175","2.22750"
"18.01.2018","Thu","1.43750","1.46533","1.56118","1.63482","1.74470","1.92550","2.22750"
"17.01.2018","Wed","1.43750","1.46534","1.55750","1.63478","1.73918","1.91300","2.21438"
"16.01.2018","Tue","1.43875","1.46606","1.55613","1.63280","1.73408","1.90406","2.19563"
"15.01.2018","Mon","","1.46596","1.55614","1.63255","1.73133","1.89875","2.18869"
"12.01.2018","Fri","1.43750","1.46581","1.55947","1.63065","1.72152","1.88769","2.17313"
"11.01.2018","Thu","1.43750","1.46438","1.55945","1.63063","1.72019","1.88027","2.16406"
"10.01.2018","Wed","1.43625","1.46470","1.55375","1.62710","1.70911","1.87144","2.15552"
"09.01.2018","Tue","1.43750","1.46438","1.55375","1.62500","1.70457","1.86519","2.14633"
"08.01.2018","Mon","1.43750","1.46832","1.55375","1.62372","1.70802","1.86529","2.15075"
"05.01.2018","Fri","1.43750","1.46970","1.55250","1.62194","1.70393","1.86507","2.14953"
"04.01.2018","Thu","1.43750","1.46971","1.55500","1.62068","1.70381","1.85831","2.13834"
"03.01.2018","Wed","1.43875","1.47188","1.55688","1.62041","1.69593","1.84269","2.11782"
"02.01.2018","Tue","1.43750","1.48038","1.56175","1.62205","1.69693","1.83938","2.10933"
"29.12.2017","Fri","1.42875","1.48038","1.56425","1.62186","1.69428","1.83707","2.10697"
"28.12.2017","Thu","1.43750","1.48413","1.56775","1.62189","1.69465","1.84363","2.10634"
"27.12.2017","Wed","1.43500","1.48913","1.56900","1.62347","1.69339","1.84300","2.11063"
"22.12.2017","Fri","1.43438","1.48600","1.56375","1.61674","1.68577","1.83363","2.10216"
"21.12.2017","Thu","1.43438","1.47538","1.55213","1.60670","1.67464","1.82488","2.09091"
"20.12.2017","Wed","1.43438","1.45806","1.53488","1.58629","1.65793","1.81413","2.08366"
"19.12.2017","Tue","1.43313","1.45658","1.51113","1.56025","1.64203","1.78830","2.06888"
"18.12.2017","Mon","1.43313","1.45533","1.50113","1.54905","1.62548","1.78170","2.05825"
"15.12.2017","Fri","1.43313","1.45386","1.49500","1.53863","1.61331","1.77443","2.04763"
"14.12.2017","Thu","1.42750","1.44918","1.49078","1.52997","1.60042","1.76769","2.04263"
"13.12.2017","Wed","1.18250","1.43475","1.47703","1.52182","1.58849","1.75575","2.03856"
"12.12.2017","Tue","1.18250","1.42375","1.47195","1.51217","1.57352","1.74769","2.02825"
"11.12.2017","Mon","1.18250","1.38151","1.45951","1.50218","1.56347","1.73535","2.01356"
"08.12.2017","Fri","1.18250","1.34168","1.44438","1.48849","1.54878","1.72988","2.01075"
"07.12.2017","Thu","1.18250","1.29936","1.43185","1.47638","1.53606","1.72250","1.99731"
"06.12.2017","Wed","1.18250","1.22813","1.40688","1.46409","1.52263","1.71445","1.98825"
"05.12.2017","Tue","1.18250","1.21444","1.40319","1.45900","1.51532","1.71125","1.98950"
"04.12.2017","Mon","1.18250","1.21313","1.39181","1.45300","1.50849","1.69313","1.98169"
"01.12.2017","Fri","1.18250","1.21014","1.37938","1.44150","1.49463","1.67425","1.96044"
"30.11.2017","Thu","1.18000","1.20688","1.37188","1.43538","1.48738","1.66800","1.95169"
"29.11.2017","Wed","1.18625","1.20500","1.36069","1.42700","1.48063","1.66050","1.94481"
"28.11.2017","Tue","1.18500","1.20219","1.34978","1.42275","1.47882","1.65738","1.93798"
"27.11.2017","Mon","1.18375","1.20106","1.34676","1.41713","1.47725","1.65832","1.94294"
"24.11.2017","Fri","1.18375","1.20341","1.33756","1.41213","1.46763","1.65394","1.93606"
"23.11.2017","Thu","","1.20080","1.32862","1.40767","1.46206","1.65211","1.93011"
"22.11.2017","Wed","1.18278","1.19969","1.32750","1.40578","1.46233","1.65211","1.93400"
"21.11.2017","Tue","1.18278","1.20212","1.31287","1.39726","1.45400","1.64489","1.92733"
"20.11.2017","Mon","1.18278","1.20367","1.29418","1.38833","1.44594","1.63489","1.90844"
"17.11.2017","Fri","1.18278","1.20267","1.28719","1.38278","1.44067","1.63211","1.90622"
"16.11.2017","Thu","1.18278","1.20372","1.28267","1.37944","1.43567","1.63171","1.90067"
"15.11.2017","Wed","1.18278","1.20356","1.26600","1.36406","1.42190","1.61810","1.88622"
"14.11.2017","Tue","1.18278","1.20406","1.26350","1.36100","1.41899","1.62208","1.89261"
"13.11.2017","Mon","1.18278","1.20350","1.25028","1.35600","1.41586","1.61618","1.88428"
"10.11.2017","Fri","1.18333","1.20422","1.24606","1.35433","1.41289","1.61461","1.88150"
"09.11.2017","Thu","1.18333","1.20272","1.24494","1.35211","1.41289","1.61239","1.88178"
"08.11.2017","Wed","1.18333","1.20500","1.24606","1.34167","1.40981","1.60162","1.87317"
"07.11.2017","Tue","1.18389","1.20550","1.24389","1.33944","1.40258","1.59809","1.86844"
"06.11.2017","Mon","1.18389","1.20500","1.24424","1.33472","1.39703","1.59406","1.86428"
"03.11.2017","Fri","1.18444","1.20444","1.24322","1.33389","1.39194","1.59017","1.86289"
"02.11.2017","Thu","1.18389","1.20467","1.24212","1.33267","1.39139","1.58907","1.86317"
"01.11.2017","Wed","1.18222","1.20656","1.24333","1.32169","1.38483","1.57979","1.85594"
"31.10.2017","Tue","1.18222","1.20767","1.24333","1.31841","1.38122","1.57511","1.84844"
"30.10.2017","Mon","1.18500","1.20467","1.24214","1.31610","1.37678","1.57306","1.84233"
"27.10.2017","Fri","1.18444","1.20326","1.24233","1.31376","1.38009","1.57267","1.84789"
"26.10.2017","Thu","1.18444","1.20517","1.24166","1.31212","1.37796","1.56447","1.84289"
"25.10.2017","Wed","1.18444","1.20247","1.23999","1.30723","1.37446","1.56219","1.84456"
"24.10.2017","Tue","1.18444","1.20239","1.23955","1.30431","1.37064","1.56444","1.83456"
"23.10.2017","Mon","1.18444","1.20172","1.23788","1.29965","1.36742","1.56078","1.83511"
"20.10.2017","Fri","1.18444","1.20444","1.23788","1.29504","1.36476","1.55489","1.83122"
"19.10.2017","Thu","1.18500","1.20557","1.23888","1.29197","1.36250","1.55069","1.82789"
"18.10.2017","Wed","1.18444","1.20494","1.23888","1.28300","1.36261","1.55055","1.83456"
"17.10.2017","Tue","1.18444","1.20667","1.23777","1.28044","1.35733","1.54522","1.82122"
"16.10.2017","Mon","1.18444","1.20594","1.23666","1.27689","1.35389","1.53316","1.80956"
"13.10.2017","Fri","1.18444","1.20444","1.23667","1.27744","1.35333","1.53433","1.81289"
"12.10.2017","Thu","1.18444","1.20500","1.23889","1.27744","1.35917","1.53156","1.80844"
"11.10.2017","Wed","1.18333","1.20389","1.23889","1.27300","1.35861","1.52933","1.80956"
"10.10.2017","Tue","1.18167","1.20500","1.23778","1.27189","1.35667","1.52433","1.80678"
"09.10.2017","Mon","","1.20333","1.23722","1.27189","1.35639","1.52489","1.80900"
"06.10.2017","Fri","1.18222","1.20222","1.23500","1.27133","1.35028","1.51878","1.80456"
"05.10.2017","Thu","1.18222","1.20222","1.23778","1.27217","1.34861","1.51350","1.80011"
"04.10.2017","Wed","1.18222","1.20167","1.23778","1.27222","1.34667","1.51406","1.79789"
"03.10.2017","Tue","1.18056","1.20333","1.23778","1.27111","1.34250","1.51572","1.79872"
"02.10.2017","Mon","1.18000","1.20333","1.23333","1.26944","1.33556","1.50933","1.79067"
"29.09.2017","Fri","1.18167","1.20500","1.23222","1.26944","1.33389","1.50600","1.78233"
"28.09.2017","Thu","1.18111","1.20167","1.23500","1.26944","1.33500","1.50944","1.78678"
"27.09.2017","Wed","1.18000","1.19722","1.23500","1.27222","1.33278","1.50389","1.78539"
"26.09.2017","Tue","1.17833","1.19556","1.23444","1.27167","1.33083","1.49711","1.77567"
"25.09.2017","Mon","1.17833","1.19444","1.23667","1.26944","1.32972","1.49711","1.77483"
"22.09.2017","Fri","1.17889","1.19444","1.23833","1.27222","1.32944","1.49683","1.77539"
"21.09.2017","Thu","1.17889","1.19444","1.23722","1.27333","1.32833","1.49100","1.76761"
"20.09.2017","Wed","1.17889","1.19556","1.23556","1.27278","1.32306","1.48000","1.74733"
"19.09.2017","Tue","1.17889","1.19667","1.23722","1.27167","1.32611","1.47861","1.74428"
"18.09.2017","Mon","1.17889","1.19556","1.23611","1.26944","1.32500","1.47444","1.73983"
"15.09.2017","Fri","1.17889","1.19611","1.23722","1.27278","1.32389","1.47111","1.73206"
"14.09.2017","Thu","1.17889","1.19667","1.23444","1.27167","1.32111","1.45861","1.71956"
"13.09.2017","Wed","1.17722","1.19556","1.23444","1.27167","1.32000","1.45583","1.71233"
"12.09.2017","Tue","1.17778","1.19667","1.23667","1.27222","1.31917","1.45444","1.70956"
"11.09.2017","Mon","1.17778","1.19667","1.23611","1.27200","1.31667","1.44933","1.69900"
"08.09.2017","Fri","1.17722","1.19500","1.23611","1.27178","1.31033","1.44767","1.69511"
"07.09.2017","Thu","1.17611","1.19500","1.23500","1.27389","1.31722","1.45167","1.70900"
"06.09.2017","Wed","1.17611","1.19500","1.23222","1.27500","1.31722","1.45222","1.70789"
"05.09.2017","Tue","1.17778","1.19667","1.23111","1.27500","1.31722","1.45500","1.71456"
"04.09.2017","Mon","","1.19722","1.23167","1.27389","1.31611","1.45389","1.71289"
"01.09.2017","Fri","1.17722","1.20056","1.23056","1.27389","1.31611","1.45333","1.71178"
"31.08.2017","Thu","1.17556","1.20167","1.23167","1.27556","1.31778","1.45389","1.71344"
"30.08.2017","Wed","1.17778","1.20167","1.23722","1.27556","1.31611","1.45333","1.71178"
"29.08.2017","Tue","1.17833","1.20167","1.23889","1.27556","1.31694","1.45167","1.71400"
"25.08.2017","Fri","1.17778","1.19667","1.23556","1.27111","1.31778","1.45500","1.72789"
"24.08.2017","Thu","1.17778","1.19667","1.23389","1.27000","1.31722","1.45389","1.72344"
"23.08.2017","Wed","1.17778","1.19444","1.23444","1.26833","1.31722","1.45556","1.72789"
"22.08.2017","Tue","1.17778","1.19722","1.23611","1.26389","1.31722","1.45611","1.72733"
"21.08.2017","Mon","1.17778","1.19778","1.23556","1.26389","1.31444","1.45639","1.72733"
"18.08.2017","Fri","1.17722","1.19944","1.23500","1.26389","1.31472","1.45639","1.72622"
"17.08.2017","Thu","1.17778","1.19778","1.23056","1.26389","1.31639","1.45722","1.73289"
"16.08.2017","Wed","1.17889","1.19722","1.22833","1.26278","1.31667","1.45944","1.73622"
"15.08.2017","Tue","1.17778","1.19722","1.22833","1.26222","1.31417","1.45333","1.72789"
"14.08.2017","Mon","1.17778","1.19722","1.22778","1.26222","1.31417","1.45000","1.71789"
"11.08.2017","Fri","1.17778","1.19889","1.22667","1.26111","1.31500","1.45583","1.72456"
"10.08.2017","Thu","1.17778","1.19667","1.22889","1.26222","1.30911","1.45278","1.72844"
"09.08.2017","Wed","1.17778","1.19667","1.22889","1.26000","1.30917","1.45222","1.72789"
"08.08.2017","Tue","1.17778","1.19611","1.23056","1.25944","1.30944","1.45222","1.73011"
"07.08.2017","Mon","1.17722","1.19722","1.22889","1.25944","1.31139","1.45222","1.73233"
"04.08.2017","Fri","1.17778","1.19944","1.22889","1.25944","1.31194","1.44944","1.72289"
"03.08.2017","Thu","1.17722","1.19611","1.23056","1.25778","1.31167","1.45111","1.72567"
"02.08.2017","Wed","1.17722","1.19778","1.23056","1.25778","1.31278","1.45167","1.72567"
"01.08.2017","Tue","1.17556","1.19611","1.23167","1.25611","1.31056","1.45167","1.72567"
"31.07.2017","Mon","1.17611","1.19667","1.23167","1.25556","1.31056","1.45500","1.72733"
"28.07.2017","Fri","1.17833","1.19667","1.23167","1.25833","1.31056","1.45500","1.72900"
"27.07.2017","Thu","1.17722","1.19444","1.23389","1.25722","1.31111","1.45444","1.72956"
"26.07.2017","Wed","1.17778","1.19389","1.23333","1.25778","1.31389","1.45722","1.73622"
"25.07.2017","Tue","1.18000","1.19389","1.23278","1.25667","1.31667","1.45389","1.73900"
"24.07.2017","Mon","1.17889","1.19444","1.23278","1.26000","1.31389","1.45278","1.73567"
"21.07.2017","Fri","1.17889","1.19222","1.23222","1.26056","1.31444","1.45306","1.73567"
"20.07.2017","Thu","1.17889","1.19056","1.22722","1.25833","1.31250","1.45600","1.73789"
"19.07.2017","Wed","1.17889","1.19000","1.22889","1.25722","1.30722","1.45322","1.73344"
"18.07.2017","Tue","1.17722","1.18944","1.22778","1.25667","1.30694","1.45600","1.73344"
"17.07.2017","Mon","1.17778","1.19111","1.22833","1.25667","1.30611","1.45322","1.73289"
"14.07.2017","Fri","1.17722","1.18889","1.22611","1.25667","1.30361","1.45600","1.73983"
"13.07.2017","Thu","1.17833","1.18889","1.22556","1.25722","1.30361","1.45600","1.73789"
"12.07.2017","Wed","1.17833","1.18889","1.22444","1.25778","1.30389","1.46044","1.74594"
"11.07.2017","Tue","1.17722","1.18889","1.22389","1.25500","1.30350","1.46267","1.75233"
"10.07.2017","Mon","1.17444","1.18889","1.22389","1.25500","1.30411","1.46211","1.75094"
"07.07.2017","Fri","1.17389","1.19000","1.22633","1.25500","1.30522","1.46544","1.75761"
"06.07.2017","Thu","1.17389","1.19111","1.22444","1.25500","1.30411","1.46544","1.75733"
"05.07.2017","Wed","1.17389","1.19111","1.22333","1.25556","1.30300","1.45711","1.75122"
"04.07.2017","Tue","1.17167","1.19056","1.22333","1.25389","1.30211","1.45767","1.75122"
"03.07.2017","Mon","1.17167","1.18833","1.22689","1.25389","1.30072","1.45600","1.74844"
"30.06.2017","Fri","1.16167","1.19000","1.22389","1.25333","1.29917","1.44767","1.73844"
"29.06.2017","Thu","1.17333","1.19056","1.22722","1.25444","1.29861","1.44822","1.73956"
"28.06.2017","Wed","1.17667","1.18889","1.22611","1.25444","1.29639","1.44656","1.73678"
"27.06.2017","Tue","1.17611","1.18889","1.22378","1.25222","1.29506","1.44683","1.73289"
"26.06.2017","Mon","1.17611","1.18778","1.22211","1.25222","1.29483","1.44639","1.73456"
"23.06.2017","Fri","1.17667","1.18611","1.22000","1.25111","1.29328","1.44500","1.73344"
"22.06.2017","Tnu","1.17722","1.19500","1.21611","1.25111","1.29556","1.44861","1.73817"
"21.06.2017","Wed","1.17722","1.19222","1.21556","1.25056","1.28944","1.44500","1.73539"
"20.06.2017","Tue","1.17611","1.19389","1.21556","1.24944","1.28722","1.43961","1.73594"
"19.06.2017","Mon","1.17667","1.19278","1.21389","1.24611","1.28022","1.43322","1.72844"
"16.06.2017","Fri","1.17722","1.19000","1.21222","1.24389","1.27356","1.43267","1.73233"
"15.06.2017","Thu","1.17500","1.18833","1.20944","1.23833","1.26744","1.42711","1.72956"
"14.06.2017","Wed","0.93111","1.16189","1.17167","1.20111","1.25033","1.42600","1.73622"
"13.06.2017","Tue","0.93111","1.15111","1.15889","1.19167","1.24556","1.42322","1.73567"
"12.06.2017","Mon","0.93111","1.11211","1.13933","1.18167","1.24167","1.42183","1.73567"
"09.06.2017","Fri","0.93111","1.07600","1.12711","1.17278","1.23644","1.41683","1.72844"
"08.06.2017","Thu","0.93056","1.03544","1.11711","1.16278","1.22811","1.41544","1.72844"
"07.06.2017","Wed","0.93111","0.97500","1.09600","1.15167","1.22100","1.41406","1.72400"
"06.06.2017","Tue","0.93056","0.95322","1.08867","1.14500","1.21900","1.41711","1.72289"
"05.06.2017","Mon","0.93111","0.95100","1.08422","1.14167","1.21956","1.41822","1.72567"
"02.06.2017","Fri","0.93111","0.95156","1.08617","1.14306","1.22250","1.42822","1.73067"
"01.06.2017","Thu","0.93111","0.95156","1.07589","1.13472","1.21806","1.42239","1.72650"
"31.05.2017","Wed","0.92889","0.95156","1.06033","1.12583","1.21000","1.41878","1.72372"
"30.05.2017","Tue","0.93111","0.95061","1.05050","1.11444","1.20178","1.41489","1.72150"
"26.05.2017","Fri","0.93000","0.94922","1.04467","1.12083","1.20178","1.41378","1.72122"
"25.05.2017","Thu","0.93000","0.94967","1.04383","1.12028","1.20039","1.41794","1.72289"
"24.05.2017","Wed","0.93056","0.94967","1.03272","1.11056","1.19761","1.41739","1.72567"
"23.05.2017","Tue","0.93056","0.94944","1.02356","1.10139","1.18867","1.41350","1.71956"
"22.05.2017","Mon","0.92889","0.94833","1.02939","1.09889","1.19200","1.41933","1.72650"
"19.05.2017","Fri","0.92889","0.94750","1.01711","1.09611","1.18644","1.41517","1.72289"
"18.05.2017","Thu","0.92778","0.94722","1.00994","1.07639","1.17172","1.39906","1.70456"
"17.05.2017","Wed","0.92833","0.94667","1.00356","1.07833","1.17839","1.41406","1.73289"
"16.05.2017","Tue","0.92833","0.94667","0.99911","1.07833","1.18117","1.42044","1.74539"
"15.05.2017","Mon","0.92889","0.94778","1.00078","1.07556","1.17944","1.42267","1.74511"
"12.05.2017","Fri","0.92833","0.94667","0.99244","1.07778","1.17956","1.43656","1.76567"
"11.05.2017","Thu","0.92833","0.94556","0.98911","1.07833","1.18178","1.43933","1.78567"
"10.05.2017","Wed","0.92833","0.94722","0.98856","1.07028","1.18094","1.44211","1.78761"
"09.05.2017","Tue","0.92722","0.94667","0.98856","1.07000","1.18200","1.44517","1.79067"
"08.05.2017","Mon","0.92778","0.94667","0.99411","1.06833","1.18456","1.43683","1.78817"
"05.05.2017","Fri","0.92778","0.94722","0.99444","1.06000","1.18039","1.43267","1.77900"
"04.05.2017","Thu","0.92778","0.94750","0.99278","1.06028","1.17928","1.43600","1.78067"
"03.05.2017","Wed","0.92722","0.94833","0.99167","1.04611","1.17122","1.42739","1.77011"
"02.05.2017","Tue","0.92667","0.94778","0.99278","1.04361","1.17372","1.43239","1.78011"
"28.04.2017","Fri","0.92944","0.95000","0.99500","1.03722","1.17233","1.42628","1.77400"
"27.04.2017","Thu","0.93056","0.94667","0.99500","1.03722","1.16956","1.43044","1.77650"
"26.04.2017","Wed","0.93028","0.94611","0.99278","1.04000","1.17178","1.43111","1.78289"
"25.04.2017","Tue","0.92833","0.94500","0.99222","1.04056","1.17039","1.42361","1.77483"
"24.04.2017","Mon","0.92667","0.94500","0.99111","1.04611","1.16650","1.42072","1.76817"
"21.04.2017","Fri","0.92944","0.94500","0.99056","1.04000","1.15622","1.40211","1.74456"
"20.04.2017","Thu","0.92944","0.94389","0.98833","1.04056","1.15317","1.39406","1.73928"
"19.04.2017","Wed","0.93000","0.94611","0.99111","1.03611","1.15567","1.39072","1.73567"
"18.04.2017","Tue","0.93000","0.94722","0.99278","1.03667","1.15622","1.39767","1.76122"
"13.04.2017","Thu","0.92611","0.94556","0.99444","1.03500","1.15844","1.40322","1.77178"
"12.04.2017","Wed","0.92778","0.94722","0.99389","1.03333","1.15844","1.41044","1.78344"
"11.04.2017","Tue","0.92722","0.94722","0.99000","1.02722","1.15511","1.41544","1.78900"
"07.04.2017","Fri","0.93056","0.94722","0.99000","1.02611","1.15761","1.42961","1.79900"
"06.04.2017","Thu","0.93000","0.94722","0.98944","1.02667","1.15539","1.42600","1.79817"
"05.04.2017","Wed","0.93111","0.94778","0.98556","1.02722","1.15039","1.42294","1.79594"
"04.04.2017","Tue","0.93000","0.94889","0.98611","1.02833","1.14983","1.42572","1.79178"
"03.04.2017","Mon","0.92722","0.95222","0.98333","1.02556","1.14983","1.42628","1.80261"
"31.03.2017","Fri","0.92167","0.95111","0.98278","1.02500","1.14956","1.42322","1.80178"
"30.03.2017","Thu","0.92667","0.95667","0.98278","1.02556","1.14761","1.41878","1.79344"
"29.03.2017","Wed","0.92556","0.94778","0.98222","1.02444","1.14678","1.41989","1.79400"
"28.03.2017","Tue","0.92500","0.94389","0.98222","1.02056","1.15222","1.42489","1.79817"
"27.03.2017","Mon","0.92444","0.94389","0.98222","1.02278","1.15189","1.42433","1.79706"
"24.03.2017","Fri","0.92667","0.94389","0.98278","1.02278","1.15128","1.42711","1.80289"
"23.03.2017","Thu","0.92611","0.94389","0.98167","1.02000","1.15289","1.42794","1.80372"
"22.03.2017","Wed","0.92667","0.94500","0.98389","1.02389","1.15678","1.43128","1.80678"
"21.03.2017","Tue","0.92533","0.94611","0.97722","1.02000","1.15622","1.43378","1.81539"
"20.03.2017","Mon","0.92644","0.94667","0.97722","1.02000","1.15622","1.43489","1.81594"
"17.03.2017","Fri","0.92422","0.94611","0.97611","1.02167","1.15178","1.43156","1.81317"
"16.03.2017","Thu","0.92578","0.94567","0.97833","1.01556","1.15178","1.43100","1.81428"
"15.03.2017","Wed","0.68667","0.92278","0.94278","0.98722","1.14817","1.43822","1.82761"
"14.03.2017","Tue","0.68689","0.90889","0.92833","0.97722","1.13733","1.43239","1.82344"
"13.03.2017","Mon","0.68278","0.87889","0.91222","0.96944","1.13122","1.43211","1.82122"
"10.03.2017","Fri","0.68189","0.84611","0.89056","0.95833","1.12122","1.42600","1.81844"
"09.03.2017","Thu","0.68211","0.81567","0.88139","0.94833","1.11956","1.43017","1.81428"
"08.03.2017","Wed","0.68211","0.73500","0.85778","0.93222","1.10900","1.42100","1.80122"
"07.03.2017","Tue","0.68278","0.71389","0.85444","0.92889","1.10622","1.42044","1.79983"
"06.03.2017","Mon","0.68278","0.71000","0.84667","0.92556","1.10622","1.42100","1.80011"
"03.03.2017","Fri","0.68278","0.71000","0.83444","0.91333","1.10167","1.42267","1.80817"
"02.03.2017","Thu","0.68278","0.71167","0.83000","0.90500","1.10000","1.41600","1.79817"
"01.03.2017","Wed","0.68167","0.71111","0.81056","0.89333","1.09278","1.40628","1.78983"
"28.02.2017","Tue","0.68056","0.71111","0.78889","0.86278","1.06400","1.37489","1.75622"
"27.02.2017","Mon","0.68333","0.71167","0.78444","0.85167","1.05456","1.36128","1.73983"
"24.02.2017","Fri","0.68278","0.71111","0.78056","0.85167","1.05400","1.36072","1.73956"
"23.02.2017","Thu","0.68333","0.71222","0.77833","0.85222","1.05233","1.36239","1.74428"
"22.02.2017","Wed","0.68333","0.71389","0.77944","0.85444","1.05400","1.36294","1.74567"
"21.02.2017","Tue","0.68611","0.71444","0.77944","0.85333","1.05344","1.36239","1.74539"
"20.02.2017","Mon","0.68611","0.71444","0.77722","0.85111","1.05011","1.35711","1.73539"
"17.02.2017","Fri","0.68611","0.71444","0.77944","0.85333","1.05233","1.35739","1.73539"
"16.02.2017","Thu","0.68611","0.71889","0.78056","0.85833","1.05650","1.36378","1.74511"
"15.02.2017","Wed","0.68556","0.71778","0.77222","0.85111","1.04178","1.34406","1.72400"
"14.02.2017","Tue","0.68722","0.71500","0.77000","0.84778","1.03733","1.33656","1.70789"
"13.02.2017","Mon","0.68722","0.71528","0.77000","0.84778","1.03900","1.33794","1.71039"
"10.02.2017","Fri","0.68778","0.71417","0.77111","0.84556","1.03622","1.33822","1.70261"
"09.02.2017","Thu","0.68667","0.71611","0.77056","0.84000","1.03372","1.33489","1.69400"
"08.02.2017","Wed","0.68667","0.71972","0.77167","0.83833","1.03372","1.33794","1.70011"
"07.02.2017","Tue","0.68778","0.72111","0.77278","0.83778","1.03817","1.34350","1.70511"
"06.02.2017","Mon","0.68833","0.72222","0.77528","0.83944","1.03844","1.34406","1.70733"
"03.02.2017","Fri","0.69278","0.72167","0.77556","0.84111","1.03400","1.34989","1.71344"
"02.02.2017","Thu","0.68833","0.72056","0.77667","0.84111","1.03372","1.34878","1.71233"
"01.02.2017","Wed","0.69111","0.72150","0.78000","0.84167","1.03456","1.35044","1.71511"
"31.01.2017","Tue","0.69000","0.72150","0.77944","0.83944","1.03456","1.34739","1.71344"
"30.01.2017","Mon","0.69167","0.72206","0.78000","0.84111","1.03400","1.35656","1.72483"
"27.01.2017","Fri","0.69000","0.72011","0.77833","0.84222","1.03900","1.35878","1.72400"
"26.01.2017","Thu","0.68722","0.72178","0.77611","0.84222","1.03900","1.36183","1.72817"
"25.01.2017","Wed","0.68833","0.72344","0.77611","0.84556","1.03733","1.35683","1.71872"
"24.01.2017","Tue","0.68833","0.72289","0.77333","0.84500","1.03178","1.34572","1.70733"
"23.01.2017","Mon","0.68889","0.72206","0.77111","0.84694","1.03789","1.35239","1.72122"
"20.01.2017","Fri","0.68833","0.72344","0.77528","0.85056","1.04344","1.35822","1.73289"
"19.01.2017","Thu","0.69000","0.72400","0.77639","0.85111","1.04122","1.35156","1.72817"
"18.01.2017","Wed","0.68944","0.72428","0.77667","0.84806","1.03011","1.33850","1.71039"
"17.01.2017","Tue","0.69000","0.72033","0.76944","0.83778","1.02483","1.33239","1.70233"
"16.01.2017","Mon","0.69278","0.71944","0.76778","0.83667","1.02372","1.33294","1.70178"
"13.01.2017","Fri","0.69278","0.72078","0.76833","0.83500","1.02317","1.33156","1.69844"
"12.01.2017","Thu","0.69278","0.71733","0.76722","0.83444","1.02178","1.33267","1.69789"
"11.01.2017","Wed","0.69278","0.71733","0.76722","0.83333","1.02178","1.33461","1.70289"
"10.01.2017","Tue","0.69333","0.71956","0.76500","0.83167","1.01789","1.33378","1.70178"
"09.01.2017","Mon","0.69300","0.71844","0.76333","0.83167","1.01483","1.33156","1.70067"
"06.01.2017","Fri","0.69100","0.71811","0.76333","0.82778","1.01011","1.32433","1.68456"
"05.01.2017","Thu","0.69222","0.71867","0.76556","0.82444","1.00928","1.32100","1.68900"
"04.01.2017","Wed","0.69044","0.71833","0.76556","0.82278","1.00511","1.32156","1.68900"
"03.01.2017","Tue","0.69544","0.72333","0.77333","0.82000","0.99872","1.31767","1.68900"