Дата;Средне-взвешенная цена за лот;Расчетная цена;Цена первой сделки;Максим. цена;Миним. цена;Цена последней сделки;Изменение;Объем последней сделки, контр.;Число сделок;Объем торгов, руб.;Объем торгов, контр.;Объем открытых позиций, руб.;Объем открытых позиций, контр.;
10.03.2017;;103000;;;;;;;;;;;;
13.03.2017;;103000;;;;;;;;;;;;
14.03.2017;;103000;;;;;;;;;;;;
15.03.2017;;103000;;;;;;;;;;;;
16.03.2017;;103000;;;;;;;;;;;;
17.03.2017;;103000;;;;;;;;;;;;
20.03.2017;;103000;;;;;;;;;;;;
21.03.2017;;103000;;;;;;;;;;;;
22.03.2017;;103000;;;;;;;;;;;;
23.03.2017;;103000;;;;;;;;;;;;
24.03.2017;;103000;;;;;;;;;;;;
27.03.2017;;103000;;;;;;;;;;;;
28.03.2017;;103000;;;;;;;;;;;;
29.03.2017;;107190;;;;;;;;;;;;
30.03.2017;;106760;;;;;;;;;;;;
31.03.2017;;105960;;;;;;;;;;;;
03.04.2017;;105990;;;;;;;;;;;;
04.04.2017;;105650;;;;;;;;;;;;
05.04.2017;;107980;;;;;;;;;;;;
06.04.2017;;108790;;;;;;;;;;;;
07.04.2017;;106120;;;;;;;;;;;;
10.04.2017;;103680;;;;;;;;;;;;
11.04.2017;;102280;;;;;;;;;;;;
12.04.2017;;102200;;;;;;;;;;;;
13.04.2017;;101940;;;;;;;;;;;;
14.04.2017;;100600;;;;;;;;;;;;
17.04.2017;;101770;;;;;;;;;;;;
18.04.2017;;101590;;;;;;;;;;;;
19.04.2017;;101670;;;;;;;;;;;;
20.04.2017;;101680;;;;;;;;;;;;
21.04.2017;;101680;;;;;;;;;;;;
24.04.2017;;104350;;;;;;;;;;;;
25.04.2017;;105940;;;;;;;;;;;;
26.04.2017;;106880;;;;;;;;;;;;
27.04.2017;;105240;;;;;;;;;;;;
28.04.2017;;105900;;;;;;;;;;;;
02.05.2017;;106820;;;;;;;;;;;;
03.05.2017;;104390;;;;;;;;;;;;
04.05.2017;;103340;;;;;;;;;;;;
05.05.2017;101639;105100;98450;105210;98400;105100;;2;11;3073091;26;;;
10.05.2017;102583;105200;99050;105310;99050;105200;0,10;1;8;1653710;14;484543;4;
11.05.2017;104529;106480;103810;107930;100500;107930;2,60;3;5;1193899;10;729710;6;
12.05.2017;103383;102520;106990;106990;102500;102520;-5,01;1;8;1536707;13;2578870;22;
15.05.2017;;102520;;;;;;;;;;2542941;22;
16.05.2017;107800;107780;107800;107800;107800;107800;;1;2;607766;5;1458367;12;
17.05.2017;107733;107400;108000;108000;107400;107400;-0,37;4;2;1102561;9;732767;6;
18.05.2017;;102860;;;;;;;;;;709827;6;
19.05.2017;;103580;;;;;;;;;;707729;6;
22.05.2017;102640;100000;105280;105280;100000;100000;;1;2;232905;2;680742;6;
23.05.2017;;102660;;;;;;;;;;693164;6;
24.05.2017;;102720;;;;;;;;;;696411;6;
25.05.2017;;104030;;;;;;;;;;703800;6;
26.05.2017;;101240;;;;;;;;;;689906;6;
29.05.2017;;101420;;;;;;;;;;685735;6;
30.05.2017;;102380;;;;;;;;;;696028;6;
31.05.2017;;100690;;;;;;;;;;686611;6;
01.06.2017;;98870;;;;;;;;;;668488;6;
02.06.2017;;98630;;;;;;;;;;670611;6;
05.06.2017;;97830;;;;;;;;;;665177;6;
06.06.2017;;97930;;;;;;;;;;665722;6;
07.06.2017;;97810;;;;;;;;;;668745;6;
08.06.2017;;96630;;;;;;;;;;659790;6;
09.06.2017;;96200;;;;;;;;;;657667;6;
13.06.2017;;96930;;;;;;;;;;662106;6;
14.06.2017;;96420;;;;;;;;;;660242;6;
15.06.2017;;96420;;;;;;;;;;668040;6;
16.06.2017;;95680;;;;;;;;;;663103;6;
19.06.2017;;95510;;;;;;;;;;668308;6;
20.06.2017;96920;96840;96920;96920;96920;96920;;1;1;115652;1;924450;8;
21.06.2017;;93500;;;;;;;;;;894922;8;
22.06.2017;;92640;;;;;;;;;;886424;8;
23.06.2017;94380;94380;94380;94380;94380;94380;;1;1;112328;1;1123282;10;
26.06.2017;;95400;;;;;;;;;;1127227;10;
27.06.2017;;95170;;;;;;;;;;1122111;10;
28.06.2017;;95800;;;;;;;;;;1139100;10;
29.06.2017;;95670;;;;;;;;;;1132886;10;
30.06.2017;;95890;;;;;;;;;;1134983;10;
03.07.2017;;96650;;;;;;;;;;1147748;10;
04.07.2017;;96740;;;;;;;;;;1147714;10;
05.07.2017;;97210;;;;;;;;;;1168085;10;
06.07.2017;;95840;;;;;;;;;;1147837;10;
07.07.2017;;96630;;;;;;;;;;1168730;10;
10.07.2017;;96450;;;;;;;;;;1163139;10;
11.07.2017;;97180;;;;;;;;;;1184070;10;
12.07.2017;;97580;;;;;;;;;;1172336;10;
13.07.2017;;99240;;;;;;;;;;1190414;10;
14.07.2017;100390;100390;100390;100390;100390;100390;;1;1;118815;1;1188146;10;
17.07.2017;;99920;;;;;;;;;;1185381;10;
18.07.2017;;100010;;;;;;;;;;1182418;10;
19.07.2017;;100460;;;;;;;;;;1184423;10;
20.07.2017;;100360;;;;;;;;;;1183867;10;
21.07.2017;;100170;;;;;;;;;;1185171;10;
24.07.2017;;101570;;;;;;;;;;1220374;10;
25.07.2017;;101570;;;;;;;;;;1218505;10;
26.07.2017;;101570;;;;;;;;;;1214716;10;
27.07.2017;;101570;;;;;;;;;;1207017;10;
28.07.2017;98850;98850;98850;98850;98850;98850;;1;1;117748;1;1412978;12;
31.07.2017;;98180;;;;;;;;;;1417032;12;
01.08.2017;;97830;;;;;;;;;;1413471;12;
02.08.2017;;98170;;;;;;;;;;1426277;12;
03.08.2017;100133;101100;100350;101100;98950;101100;;1;3;361516;3;1216688;10;
04.08.2017;;101430;;;;;;;;;;1216054;10;
07.08.2017;;101040;;;;;;;;;;1214147;10;
08.08.2017;;102350;;;;;;;;;;1224034;10;
09.08.2017;;100700;;;;;;;;;;1211633;10;
10.08.2017;;101120;;;;;;;;;;1212601;10;
11.08.2017;;100390;;;;;;;;;;1202763;10;
14.08.2017;;101060;;;;;;;;;;1204898;10;
15.08.2017;;101560;;;;;;;;;;1214790;10;
16.08.2017;;101850;;;;;;;;;;1210854;10;
17.08.2017;;101070;;;;;;;;;;1196719;10;
18.08.2017;;100750;;;;;;;;;;1194804;10;
21.08.2017;;101800;;;;;;;;;;1201759;10;
22.08.2017;101235;101250;101220;101250;101220;101250;;1;2;238945;2;1433882;12;
23.08.2017;;103020;;;;;;;;;;1459913;12;
24.08.2017;;101940;;;;;;;;;;1447727;12;
25.08.2017;;102390;;;;;;;;;;1446120;12;
28.08.2017;;102950;;;;;;;;;;1446740;12;
29.08.2017;;102530;;;;;;;;;;1445562;12;
30.08.2017;;105780;;;;;;;;;;1482790;12;
31.08.2017;;106850;;;;;;;;;;1489955;12;
01.09.2017;;107540;;;;;;;;;;1485730;12;
04.09.2017;;107020;;;;;;;;;;1485211;12;
05.09.2017;;107430;;;;;;;;;;1479079;12;
06.09.2017;;108400;;;;;;;;;;1491289;12;
07.09.2017;;109610;;;;;;;;;;1499794;12;
08.09.2017;109570;109570;109570;109570;109570;109570;;1;1;125483;1;1505794;12;
11.09.2017;;110360;;;;;;;;;;1514731;12;
12.09.2017;;110170;;;;;;;;;;1526216;12;
13.09.2017;;109770;;;;;;;;;;1522756;12;
14.09.2017;;109940;;;;;;;;;;1516420;12;
15.09.2017;;110360;;;;;;;;;;1524756;12;
18.09.2017;;109430;;;;;;;;;;1523712;12;
19.09.2017;;108740;;;;;;;;;;1519624;12;
20.09.2017;;109820;;;;;;;;;;1523015;12;
21.09.2017;;110360;;;;;;;;;;1535337;12;
22.09.2017;;110420;;;;;;;;;;1524644;12;
25.09.2017;;110890;;;;;;;;;;1531719;12;
26.09.2017;;111310;;;;;;;;;;1545962;12;
27.09.2017;;110900;;;;;;;;;;1546336;12;
28.09.2017;110994;111000;110930;111080;110920;111080;;1;5;643332;5;1286734;10;
29.09.2017;110322;110760;109990;111140;109690;110760;-0,29;1;11;1650437;13;764762;6;
02.10.2017;;111030;;;;;;;;;;771790;6;
03.10.2017;;110340;;;;;;;;;;766450;6;
04.10.2017;110450;110450;110450;110450;110450;110450;;1;1;127232;1;763391;6;
05.10.2017;110555;111570;111500;111570;109300;111570;1,01;1;5;1907250;15;769907;6;
06.10.2017;111902;112050;112240;112260;111650;112050;0,43;1;9;1171462;9;1042675;8;
09.10.2017;110970;111240;110720;111240;110700;111240;-0,72;1;6;777498;6;1039186;8;
10.10.2017;110516;111200;110360;111200;110330;111200;-0,04;1;5;639998;5;1803086;14;
11.10.2017;112970;112960;112940;112990;112940;112990;1,61;1;4;523309;4;784894;6;
12.10.2017;;112670;;;;;;;;;;780323;6;
13.10.2017;111674;112690;111690;111700;111650;111700;;1;4;637876;5;2059775;16;
16.10.2017;113420;113950;113300;113950;113300;113950;2,01;1;5;780012;6;783657;6;
17.10.2017;;112390;;;;;;;;;;775309;6;
18.10.2017;;112300;;;;;;;;;;774513;6;
19.10.2017;;112420;;;;;;;;;;773128;6;
20.10.2017;111717;112090;111040;112480;111030;112360;;1;5;770644;6;773219;6;
23.10.2017;;109380;;;;;;;;;;754886;6;
24.10.2017;;110070;;;;;;;;;;761015;6;
25.10.2017;110902;110500;112050;112050;109440;110500;;5;20;3069495;24;2548638;20;
26.10.2017;108341;108850;107700;108850;107700;108850;-1,49;1;4;875008;7;1004703;8;
27.10.2017;108881;109610;108650;109900;107990;109610;0,70;1;19;2914845;23;1020644;8;
30.10.2017;109542;110210;110120;110290;108550;110210;0,55;1;15;1902876;15;765792;6;
31.10.2017;;111260;;;;;;;;;;780785;6;
01.11.2017;;109380;;;;;;;;;;763910;6;
02.11.2017;;109650;;;;;;;;;;768000;6;
03.11.2017;;108830;;;;;;;;;;772031;6;
07.11.2017;109200;109200;109200;109200;109200;109200;;1;1;129082;1;774492;6;
08.11.2017;;113590;;;;;;;;;;807727;6;
09.11.2017;;112300;;;;;;;;;;797954;6;
10.11.2017;;113430;;;;;;;;;;803711;6;
13.11.2017;;112180;;;;;;;;;;799700;6;
14.11.2017;;111510;;;;;;;;;;802818;6;
15.11.2017;111500;111500;111500;111500;111500;111500;;1;1;134111;1;1072889;8;
16.11.2017;;110470;;;;;;;;;;1056685;8;
17.11.2017;110590;110080;111100;111100;110080;110080;;4;2;1050083;8;1045240;8;
20.11.2017;111238;112350;110100;112500;110000;112350;2,06;1;4;529348;4;1069284;8;
21.11.2017;;111750;;;;;;;;;;1057781;8;
22.11.2017;113400;113400;113400;113400;113400;113400;;1;1;133219;1;799314;6;
23.11.2017;;113320;;;;;;;;;;794174;6;
24.11.2017;;113400;;;;;;;;;;795292;6;
27.11.2017;;113330;;;;;;;;;;791551;6;
28.11.2017;;113090;;;;;;;;;;792616;6;
29.11.2017;;111850;;;;;;;;;;785549;6;
30.11.2017;;110580;;;;;;;;;;775893;6;
01.12.2017;;110860;;;;;;;;;;778650;6;
04.12.2017;;109550;;;;;;;;;;773583;6;
05.12.2017;;110920;;;;;;;;;;781460;6;
06.12.2017;;110770;;;;;;;;;;785833;6;
07.12.2017;;109830;;;;;;;;;;780292;6;
08.12.2017;;109290;;;;;;;;;;777052;6;
11.12.2017;;112460;;;;;;;;;;798639;6;
12.12.2017;;112580;;;;;;;;;;798775;6;
13.12.2017;111943;112570;111210;113000;111210;112570;;5;4;1581143;12;795003;6;
14.12.2017;;112930;;;;;;;;;;797803;6;
15.12.2017;;112320;;;;;;;;;;793399;6;
18.12.2017;;112340;;;;;;;;;;790278;6;
19.12.2017;;111320;;;;;;;;;;785574;6;
20.12.2017;;111400;;;;;;;;;;784708;6;
21.12.2017;;111100;;;;;;;;;;780042;6;
22.12.2017;;111850;;;;;;;;;;783107;6;
25.12.2017;112760;112060;113300;113620;112060;112060;;1;4;523008;4;1039522;8;
26.12.2017;;112860;;;;;;;;;;1042294;8;
27.12.2017;;113310;;;;;;;;;;1045942;8;
28.12.2017;113290;113290;113290;113290;113290;113290;;1;1;130367;1;782204;6;
29.12.2017;;114090;;;;;;;;;;788405;6;
03.01.2018;;116230;;;;;;;;;;800251;6;
04.01.2018;116865;116730;117000;117000;116730;116730;;1;2;266768;2;532919;4;
05.01.2018;;116700;;;;;;;;;;532049;4;
09.01.2018;;120940;;;;;;;;;;551777;4;
10.01.2018;;121280;;;;;;;;;;552770;4;
11.01.2018;121333;122640;120670;122640;120670;122640;;1;3;413351;3;1114140;8;
12.01.2018;;124270;;;;;;;;;;1124445;8;
15.01.2018;125700;125700;125700;125700;125700;125700;;1;1;141826;1;1134608;8;
16.01.2018;;121250;;;;;;;;;;1094063;8;
17.01.2018;;121400;;;;;;;;;;1102720;8;
18.01.2018;;125800;;;;;;;;;;1137443;8;
19.01.2018;;124820;;;;;;;;;;1130889;8;
22.01.2018;;126190;;;;;;;;;;1142030;8;
23.01.2018;124440;125300;124440;124440;124440;124440;;1;1;140488;1;1131670;8;
24.01.2018;;126910;;;;;;;;;;1143652;8;
25.01.2018;;128820;;;;;;;;;;1150084;8;
26.01.2018;;126370;;;;;;;;;;1135399;8;
29.01.2018;;125460;;;;;;;;;;1132131;8;
30.01.2018;;124780;;;;;;;;;;1122241;8;
31.01.2018;126970;126970;126970;126970;126970;126970;;1;1;142836;1;1428362;10;
01.02.2018;;126970;;;;;;;;;;1426876;10;
02.02.2018;;124700;;;;;;;;;;1406067;10;
05.02.2018;;124510;;;;;;;;;;1414396;10;
06.02.2018;122258;122310;121800;122410;121800;122310;;1;5;838572;6;1957496;14;
07.02.2018;;122050;;;;;;;;;;1950225;14;
08.02.2018;;120010;;;;;;;;;;1946610;14;
09.02.2018;116720;116720;116720;116720;116720;116720;;1;1;136206;1;1906890;14;
12.02.2018;;118700;;;;;;;;;;1929898;14;
13.02.2018;;120230;;;;;;;;;;1945903;14;
14.02.2018;121564;121790;122150;122150;120870;121790;;1;5;698817;5;2240371;16;
15.02.2018;;124560;;;;;;;;;;2251686;16;
16.02.2018;;122800;;;;;;;;;;2210714;16;
19.02.2018;124680;124680;124680;124680;124680;124680;;1;1;140809;1;2252938;16;
20.02.2018;123020;123040;123020;123020;123020;123020;-1,33;1;1;139058;1;2225292;16;
21.02.2018;;127070;;;;;;;;;;2301797;16;
22.02.2018;;128170;;;;;;;;;;2321415;16;
26.02.2018;;130780;;;;;;;;;;2341652;16;
27.02.2018;;128570;;;;;;;;;;2308480;16;
28.02.2018;;126950;;;;;;;;;;2282216;16;
01.03.2018;;125170;;;;;;;;;;2278455;16;
02.03.2018;123237;123230;123240;123240;123230;123230;;1;3;423277;3;2821696;20;
05.03.2018;;125330;;;;;;;;;;2855845;20;
06.03.2018;127325;127160;127150;127500;127150;127500;;1;2;287854;2;2587327;18;
07.03.2018;;124520;;;;;;;;;;2552035;18;
09.03.2018;;125690;;;;;;;;;;2564408;18;
12.03.2018;126197;126110;126240;126240;126110;126110;;1;2;430968;3;2871146;20;
13.03.2018;;126460;;;;;;;;;;2876636;20;
14.03.2018;124700;124000;125400;125400;124000;124000;;1;2;285401;2;3121787;22;
15.03.2018;124260;124260;124260;124260;124260;124260;0,21;1;1;142575;1;2851494;20;
16.03.2018;122917;124150;122300;124150;122300;124150;-0,09;1;3;425095;3;3434883;24;
19.03.2018;123343;122980;124080;124080;122980;122980;-0,94;1;4;571540;4;2849299;20;
20.03.2018;122782;123850;122340;123340;122340;123340;0,29;1;6;846391;6;3415020;24;
21.03.2018;124639;124400;125190;125780;123130;124400;0,86;1;7;999659;7;3135771;22;
22.03.2018;;123640;;;;;;;;;;3110330;22;
23.03.2018;123404;124080;123500;124080;122730;124080;;1;14;2251141;16;3678151;26;
26.03.2018;;120790;;;;;;;;;;3604869;26;
27.03.2018;;122340;;;;;;;;;;3650809;26;
28.03.2018;;120930;;;;;;;;;;3625082;26;
29.03.2018;;122490;;;;;;;;;;3662515;26;
30.03.2018;123400;123400;123400;123400;123400;123400;;1;1;141363;1;3958174;28;
02.04.2018;;120260;;;;;;;;;;3877591;28;
03.04.2018;;121380;;;;;;;;;;3915947;28;
04.04.2018;;121810;;;;;;;;;;3924670;28;
05.04.2018;;122740;;;;;;;;;;3964531;28;
06.04.2018;;121120;;;;;;;;;;3937098;28;
09.04.2018;115134;107740;119570;119570;107740;107740;;1;9;1800114;13;4664802;36;
10.04.2018;106375;105290;107500;107500;105250;105250;-2,31;1;2;267163;2;4495445;34;
11.04.2018;106605;106320;106410;107550;105600;106320;1,02;1;6;816264;6;4341769;32;
12.04.2018;108750;109150;108750;108750;108750;108750;2,29;1;1;134523;1;4320559;32;
13.04.2018;;106680;;;;;;;;;;4239753;32;
16.04.2018;;107230;;;;;;;;;;4273107;32;
17.04.2018;;110290;;;;;;;;;;4343344;32;
18.04.2018;112460;112560;112360;112560;112360;112560;;1;2;274774;2;4675303;34;
19.04.2018;;112870;;;;;;;;;;4669337;34;
20.04.2018;;112400;;;;;;;;;;4691396;34;
23.04.2018;;108900;;;;;;;;;;4576673;34;
24.04.2018;;110660;;;;;;;;;;4633219;34;
25.04.2018;;108990;;;;;;;;;;4618735;34;
26.04.2018;;109750;;;;;;;;;;4682846;34;
27.04.2018;;111540;;;;;;;;;;4714321;34;
28.04.2018;;111330;;;;;;;;;;4705331;34;
30.04.2018;;112420;;;;;;;;;;4811295;34;
02.05.2018;;111510;;;;;;;;;;4843513;34;
03.05.2018;;111560;;;;;;;;;;4821144;34;
04.05.2018;;111560;;;;;;;;;;4772517;34;
07.05.2018;;113330;;;;;;;;;;4833055;34;
08.05.2018;;109460;;;;;;;;;;4732028;34;
10.05.2018;;112680;;;;;;;;;;4737103;34;
11.05.2018;117500;117500;117500;117500;117500;117500;;1;1;145235;1;4937980;34;
14.05.2018;;117500;;;;;;;;;;4935823;34;
15.05.2018;;113690;;;;;;;;;;4835768;34;
16.05.2018;;115770;;;;;;;;;;4881926;34;
17.05.2018;;114850;;;;;;;;;;4834032;34;
18.05.2018;;114930;;;;;;;;;;4880656;34;
21.05.2018;;116190;;;;;;;;;;4883440;34;
22.05.2018;;117160;;;;;;;;;;4866330;34;
23.05.2018;;115010;;;;;;;;;;4818321;34;
24.05.2018;;114550;;;;;;;;;;4793129;34;
25.05.2018;;114100;;;;;;;;;;4821978;34;
28.05.2018;;113840;;;;;;;;;;4828678;34;
29.05.2018;;112670;;;;;;;;;;4792765;34;
30.05.2018;;113720;;;;;;;;;;4814773;34;
31.05.2018;;113520;;;;;;;;;;4814603;34;
01.06.2018;;114240;;;;;;;;;;4828671;34;
04.06.2018;;115610;;;;;;;;;;4875061;34;
05.06.2018;;114820;;;;;;;;;;4861229;34;
06.06.2018;115280;115280;115280;115280;115280;115280;;1;1;142871;1;5143360;36;
07.06.2018;;115420;;;;;;;;;;5165562;36;
08.06.2018;113740;112940;114440;114440;113040;113040;;1;2;284241;2;5080348;36;
09.06.2018;;112650;;;;;;;;;;5074928;36;
11.06.2018;;112520;;;;;;;;;;5073932;36;
13.06.2018;;112800;;;;;;;;;;5067797;36;
14.06.2018;111855;111520;112190;112190;111520;111520;;1;2;278042;2;4989775;36;
15.06.2018;111590;110190;111590;111590;111590;111590;0,06;1;1;141041;1;4735226;34;
18.06.2018;;109270;;;;;;;;;;4721399;34;
19.06.2018;;108340;;;;;;;;;;4696834;34;
20.06.2018;;110420;;;;;;;;;;4767260;34;
21.06.2018;;109360;;;;;;;;;;4740012;34;
22.06.2018;110010;110010;110010;110010;110010;110010;;1;1;138672;1;4714848;34;
25.06.2018;;110810;;;;;;;;;;4739942;34;
26.06.2018;;110200;;;;;;;;;;4731347;34;
27.06.2018;;111600;;;;;;;;;;4786636;34;
28.06.2018;;111310;;;;;;;;;;4767839;34;
29.06.2018;;112990;;;;;;;;;;4817903;34;
02.07.2018;114810;114360;114810;114810;114810;114810;;1;1;145692;1;5224340;36;
03.07.2018;;113350;;;;;;;;;;5162041;36;
04.07.2018;;112480;;;;;;;;;;5125133;36;
05.07.2018;114360;114890;114360;114360;114360;114360;;1;1;144235;1;5216539;36;
06.07.2018;;115880;;;;;;;;;;5253230;36;
09.07.2018;;117830;;;;;;;;;;5313379;36;
10.07.2018;;118760;;;;;;;;;;5303242;36;
11.07.2018;118700;118530;118700;118700;118700;118700;;1;1;147367;1;5297622;36;
12.07.2018;117200;117200;117200;117200;117200;117200;-1,26;1;1;145731;1;5246322;36;
13.07.2018;;118050;;;;;;;;;;5277444;36;
16.07.2018;116950;116970;116950;116950;116950;116950;;1;1;145662;1;5536117;38;
17.07.2018;115510;116040;115050;116040;115050;116040;-0,78;1;4;576843;4;5505153;38;
18.07.2018;115500;114690;115500;115500;115500;115500;-0,46;1;1;146017;1;5509749;38;
19.07.2018;115550;112920;115500;115600;115500;115600;0,09;1;2;294059;2;5459946;38;
20.07.2018;;112080;;;;;;;;;;5407533;38;
23.07.2018;;112870;;;;;;;;;;5411378;38;
24.07.2018;;114400;;;;;;;;;;5454997;38;
25.07.2018;;113860;;;;;;;;;;5454473;38;
26.07.2018;114830;114740;114920;114920;114740;114740;;1;2;288807;2;5483025;38;
27.07.2018;114961;115310;115420;115420;114440;115310;0,50;1;8;1153972;8;5208627;36;
30.07.2018;115270;115300;114680;116100;114680;115230;-0,07;2;5;861710;6;6608164;46;
31.07.2018;115740;116700;115630;115850;115630;115850;0,54;1;2;288845;2;7281030;50;
01.08.2018;;116020;;;;;;;;;;7294120;50;
02.08.2018;;114030;;;;;;;;;;7226594;50;
03.08.2018;113713;113820;113770;113770;113700;113700;;18;8;6183268;43;18999053;132;
06.08.2018;113700;113700;113700;113700;113700;113700;;1;1;144678;1;19097439;132;
07.08.2018;114960;114880;114960;114960;114960;114960;1,11;1;1;145865;1;19240741;132;
08.08.2018;112825;111350;114300;114300;111350;111350;-3,14;1;2;292005;2;18732165;130;
09.08.2018;110282;109780;110600;110600;109780;109780;-1,41;1;10;1607758;11;19787283;136;
10.08.2018;106424;105610;106000;106500;105570;105570;-3,84;1;8;6185599;43;9136059;64;
13.08.2018;106437;106570;106170;107450;105500;106570;0,95;1;6;866269;6;9830013;68;
14.08.2018;107571;107530;106560;108610;106560;107410;0,79;1;11;1861647;13;10306750;72;
15.08.2018;105953;105470;107850;108610;102510;106010;-1,30;1;12;2006751;14;11985636;84;
16.08.2018;105627;106090;105210;105840;105210;105840;-0,16;1;3;422956;3;12461119;88;
17.08.2018;105560;104950;105560;107620;104320;105130;-0,67;1;13;2279150;16;15012115;106;
20.08.2018;;105350;;;;;;;;;;15005009;106;
21.08.2018;;106180;;;;;;;;;;15169147;106;
22.08.2018;107150;107150;107150;107150;107150;107150;;1;1;145536;1;15135795;104;
23.08.2018;105035;104850;104600;106750;103600;106750;-0,37;2;14;2575530;18;14854628;104;
24.08.2018;104863;105800;104720;105200;104560;104830;-1,80;1;5;849292;6;14566933;102;
27.08.2018;107561;107710;107360;109370;107000;107490;2,54;1;10;1444770;10;15335778;106;
28.08.2018;107885;107470;107570;108200;107570;108200;0,66;1;2;292075;2;15129472;104;
29.08.2018;;107320;;;;;;;;;;15246755;104;
30.08.2018;108330;107620;108330;108330;108330;108330;;1;1;147895;1;15574161;106;
31.08.2018;108610;108610;108610;108610;108610;108610;0,26;1;1;146880;1;15863021;108;
03.09.2018;;107060;;;;;;;;;;15742779;108;
04.09.2018;;106630;;;;;;;;;;15683120;108;
05.09.2018;;106190;;;;;;;;;;15693752;108;
06.09.2018;105897;104940;105920;105920;105840;105840;;1;5;1030112;7;16041170;110;
07.09.2018;;104680;;;;;;;;;;16007644;110;
10.09.2018;103875;103850;103900;103900;103850;103850;;1;2;292433;2;16372310;112;
11.09.2018;105051;104600;103690;109550;103530;104600;0,72;1;57;11848892;81;19809005;136;
12.09.2018;105167;106460;104470;106460;104470;106460;1,78;1;19;3900950;27;19906717;136;
13.09.2018;107475;107200;106700;108100;106700;107200;0,70;1;16;2353868;16;21157678;144;
14.09.2018;107680;108120;107730;108120;107300;108120;0,86;1;7;1021415;7;21729430;148;
17.09.2018;;108400;;;;;;;;;;21819714;148;
18.09.2018;109513;110130;109570;109880;109090;109880;;1;3;443276;3;21991424;148;
19.09.2018;111426;111520;111250;111900;110900;111500;1,47;1;39;6699707;45;28609644;192;
20.09.2018;112172;111890;111620;113300;111540;112110;0,55;1;89;18038020;121;42230678;284;
21.09.2018;112201;112430;111980;112750;111730;112440;0,29;1;42;7617301;51;44899032;300;
24.09.2018;113882;114500;112650;114500;112650;114500;1,83;2;58;15745535;105;56402173;374;
25.09.2018;114859;115250;114350;115570;113900;115040;0,47;1;87;27967643;185;79486032;524;
26.09.2018;114648;114790;115050;115620;114300;114930;-0,10;1;209;68984587;456;168737580;1114;
27.09.2018;116137;116530;115040;116550;114510;116540;1,40;6;186;72831147;477;106628585;696;
28.09.2018;116985;117570;117060;117650;116030;117550;0,87;2;125;30636253;200;104684184;680;
01.10.2018;117070;117530;117600;117990;116460;117480;-0,06;1;35;10403493;68;109973361;716;
02.10.2018;117207;116630;117850;118610;115970;116630;-0,72;3;58;11176274;73;113345126;744;
03.10.2018;117798;118030;116450;118610;116450;118250;1,39;1;59;14239191;92;123132281;794;
04.10.2018;115753;114800;117840;118100;114510;114800;-2,92;1;92;23995808;155;111774907;728;
05.10.2018;114665;114700;114400;115300;113930;114650;-0,13;3;71;16793334;110;106899709;700;
08.10.2018;114730;115030;114400;115590;113700;115260;0,53;5;94;36849825;241;143492478;936;
09.10.2018;115373;114810;114840;116110;114490;114770;-0,42;1;93;38971455;254;172225713;1128;
10.10.2018;114812;112780;115090;115550;112690;112690;-1,81;1;121;44484011;291;182595691;1216;
11.10.2018;111295;111990;112830;112970;106630;111980;-0,63;1;918;187532161;1269;152568827;1026;
12.10.2018;113197;114010;112630;114500;111970;114010;1,81;1;112;26830166;179;156401128;1036;
15.10.2018;114088;114460;113510;115010;113130;114490;0,42;1;67;12265403;82;153067544;1020;
16.10.2018;115267;116180;114110;116180;113970;116180;1,48;1;46;12040053;80;162918003;1074;
17.10.2018;116073;115850;116550;117170;115000;115850;-0,28;1;99;23669140;156;150524730;994;
18.10.2018;114237;113450;116010;116080;113350;113510;-2,02;3;78;22070418;147;150594969;1010;
19.10.2018;113087;112120;113530;113800;112110;112110;-1,23;1;109;25669116;173;150050333;1020;
22.10.2018;112329;111420;112990;113680;111130;111510;-0,54;1;320;68400832;468;158903867;1096;
23.10.2018;110991;110720;111050;111680;110000;110500;-0,91;1;377;66094658;454;167883684;1156;
24.10.2018;112341;112180;110200;114720;110200;112400;1,72;1;183;56836733;386;162631129;1106;
25.10.2018;111365;111790;112810;113300;110210;111670;-0,65;2;137;33430351;229;179366233;1224;
26.10.2018;110140;109590;111800;112180;108700;109550;-1,90;1;229;73642212;508;156357526;1084;
29.10.2018;110366;110630;109550;111240;109070;111000;1,32;1;173;54439963;376;166032472;1144;
30.10.2018;109877;110250;110250;110790;108900;110380;-0,56;1;139;32160962;223;167284459;1156;
31.10.2018;111328;111940;110260;112080;109960;111950;1,42;1;145;31792341;217;174125337;1182;
01.11.2018;112156;112660;112100;112980;111330;112530;0,52;1;120;36968803;251;181384849;1226;
02.11.2018;113352;112860;112470;113750;112470;112700;0,15;1;163;64616614;432;213564086;1434;
06.11.2018;113775;114570;112210;114920;111430;114570;1,66;1;173;43354059;289;227801029;1508;
07.11.2018;115137;115750;114380;115850;113530;115540;0,85;1;273;111347471;731;294320896;1922;
08.11.2018;115305;114930;115600;116260;114900;115040;-0,43;1;239;195525166;1280;533997988;3496;
09.11.2018;112772;111640;115190;115280;111070;111200;-3,34;1;289;77045217;506;535712936;3554;
12.11.2018;111797;111180;111500;112800;111150;111150;-0,04;1;203;65832343;435;568291889;3776;
13.11.2018;110709;109990;111000;111380;109820;109820;-1,20;1;193;51700582;344;567105662;3798;
14.11.2018;109781;111500;109810;111710;108530;111710;1,72;1;366;95565965;649;564428797;3774;
15.11.2018;112502;112720;111200;113400;110810;112820;0,99;1;153;40141844;269;562476145;3762;
16.11.2018;113835;113330;113090;114250;112830;113090;0,24;1;271;76442915;510;540186319;3620;
19.11.2018;113565;113050;112880;114110;112450;113160;0,06;1;149;44482983;297;556123828;3730;
20.11.2018;112379;111220;113600;113980;110490;111530;-1,44;1;339;106333030;716;573509483;3902;
21.11.2018;111676;112730;111590;113000;110230;112810;1,15;1;325;106246801;723;587724189;3962;
22.11.2018;112992;113440;112430;113840;112420;113420;0,54;1;236;80589687;544;592540519;3984;
23.11.2018;112264;111150;113450;113520;110900;111310;-1,86;1;325;81451819;547;598558695;4060;
26.11.2018;109030;108190;111320;111540;107100;108340;-2,67;2;1148;303327023;2075;676239790;4662;
27.11.2018;109492;109910;108390;110200;108130;110090;1,62;2;672;170502511;1161;681960248;4626;
28.11.2018;110422;110870;110440;111440;109090;111000;0,83;1;730;204346273;1373;710718234;4756;
29.11.2018;113140;113950;111200;114350;111090;113800;2,52;2;1211;430046669;2869;954123701;6320;
30.11.2018;112890;111810;113910;114600;111760;111900;-1,67;2;982;367853917;2435;1059937408;7084;
03.12.2018;115189;115120;111870;117400;111790;115060;2,82;1;1863;675685679;4409;1291253629;8422;
04.12.2018;115227;114930;114900;115850;114670;115030;-0,03;1;1230;389716517;2539;1452585285;9488;
05.12.2018;114058;114900;115000;115070;113140;114880;-0,13;1;1591;468719570;3074;1510849633;9836;
06.12.2018;113440;113030;115000;115260;112210;113220;-1,44;1;2379;711821200;4686;1642480803;10852;
07.12.2018;114234;115660;112870;116100;111900;115610;2,11;1;3046;1075922662;7117;2019516053;13192;
10.12.2018;114402;113750;115760;115770;113410;113510;-1,82;1;3131;1051024248;6912;2018397314;13350;
11.12.2018;113590;113560;113410;114320;112640;113490;-0,02;1;3202;1222252427;8100;2063399888;13678;
12.12.2018;113055;112730;113250;113870;112360;112880;-0,54;1;5826;1588663097;10597;2212602664;14802;
13.12.2018;112677;112900;113000;113170;112060;112740;-0,12;1;4529;1223660408;8187;2360810177;15764;
14.12.2018;112065;111720;112860;113370;111420;111830;-0,81;3;13295;4777649592;31927;5511377961;36944;
17.12.2018;112223;111480;111950;112990;111120;111850;0,02;3;16512;6147307228;41036;8985570620;60390;
18.12.2018;110486;110890;111680;112090;109780;110640;-1,08;1;35175;13557031804;91719;14639116466;98710;
19.12.2018;109764;109870;110600;110600;108850;109880;-0,69;1;62234;25382219647;171037;19516836744;131400;
20.12.2018;109633;109100;110030;112200;108000;109240;-0,58;5;238715;92853696435;622751;29127940863;196316;
21.12.2018;108373;108360;109100;109430;107450;108250;-0,91;1;235560;84346324651;567550;33302442580;224112;
24.12.2018;107518;107370;108210;108380;106920;107430;-0,76;1;169560;58866433671;400892;34329271400;234122;
25.12.2018;105285;105220;107360;107570;101640;105040;-2,22;1;128731;42070287607;290450;34814243101;240504;
26.12.2018;105304;105420;105010;105960;104650;105520;0,46;4;131922;41339579065;284250;34130265034;234420;
27.12.2018;106495;105760;105470;107740;105310;105870;0,33;4;204028;69647721852;470978;32641144595;222266;
28.12.2018;106819;106660;105730;108230;104900;106720;0,80;1;164819;55051927318;370151;30391045178;204638;
29.12.2018;107569;107190;106850;108360;106730;107210;0,46;1;52804;15047511662;100016;30820219113;205576;
03.01.2019;108287;108550;107020;109520;106330;108450;1,16;1;112328;37763233538;253211;34014701486;227524;
04.01.2019;110452;111640;108520;111990;108520;111780;3,07;1;125111;43728974034;291891;35921111245;237222;
08.01.2019;112365;112480;111940;113990;111750;112310;0,47;1;142092;46543933552;309158;36786590095;244100;
09.01.2019;113351;113600;112320;114140;112280;113580;1,13;1;115054;37852096597;249560;39798162870;261814;
10.01.2019;113863;114400;113710;114670;113170;114230;0,57;1;143298;50174794160;328014;41948306037;272952;
11.01.2019;114950;114800;114350;115630;114220;114930;0,61;1;160295;56666563107;367378;44240621670;287194;
14.01.2019;114278;115090;115000;115310;113480;114800;-0,11;1;123483;42723927822;278797;45015627763;291680;
15.01.2019;114890;114850;114890;115900;114070;114970;0,15;3;147230;52998249477;344237;42595599271;276766;
16.01.2019;115239;115390;115040;115900;114330;115380;0,36;4;132639;45454182866;296665;43886119384;286056;
17.01.2019;115653;115790;115390;116620;115010;115690;0,27;7;161379;56153073243;364572;44752946920;290216;
18.01.2019;116913;117550;115740;117810;115730;117660;1,70;18;157824;56222005483;362982;48187143113;309420;
21.01.2019;117764;117480;117700;118160;117310;117480;-0,15;5;96669;35919376957;229731;48151665844;308710;
22.01.2019;116839;117010;117480;117570;116360;117040;-0,38;1;131464;47909677918;308337;49418017222;317580;
23.01.2019;117997;118620;116890;119000;116420;118700;1,42;4;145423;54277318563;347327;50757753197;323084;
24.01.2019;118684;119040;118700;119430;117880;119130;0,36;1;182761;65059342390;416764;50700388845;323810;
